{"accuracy": [0.9202920794487, 0.9811378121376038, 0.9929013252258301, 0.9962478280067444, 0.9956393837928772, 0.9970591068267822, 0.9926984906196594, 0.9944224953651428, 0.9933069944381714, 0.9939154386520386, 0.9881350994110107, 0.9962478280067444, 0.9974647760391235, 0.998580276966095, 0.9982760548591614, 0.9988844990730286, 0.9961464405059814, 0.9973633289337158, 0.9986816644668579, 0.9963492751121521, 0.9981746077537537, 0.9958422183990479, 0.9987831115722656, 0.9994929432868958, 0.9990873336791992, 0.9947267174720764, 0.9945238828659058, 0.9988844990730286, 0.9993915557861328, 0.9993915557861328, 0.9989858865737915, 0.9978703856468201, 0.9977689981460571, 0.9994929432868958, 0.9988844990730286, 0.9984788298606873, 0.9982760548591614, 0.9980732202529907, 0.9995943903923035, 0.9993915557861328, 0.9991887211799622, 0.9991887211799622, 0.9995943903923035, 0.9998986124992371, 0.9992901086807251, 0.9961464405059814, 0.9973633289337158, 0.9983774423599243, 0.9988844990730286, 0.9989858865737915, 0.9993915557861328, 0.9998986124992371, 1.0, 0.9996957778930664, 1.0, 0.9981746077537537, 0.9980732202529907, 0.9978703856468201, 0.9994929432868958, 0.9994929432868958, 1.0, 1.0, 0.9990873336791992, 0.9990873336791992, 0.9986816644668579, 0.9990873336791992, 0.9991887211799622, 0.9982760548591614, 0.9984788298606873, 0.9995943903923035, 0.9996957778930664, 0.9994929432868958, 0.9998986124992371, 0.998580276966095, 0.9990873336791992, 0.9991887211799622, 0.9988844990730286, 0.9996957778930664, 0.9994929432868958, 0.9994929432868958, 0.9979718327522278, 0.9993915557861328, 0.9992901086807251, 0.998580276966095, 1.0, 0.9987831115722656, 0.9990873336791992, 0.9987831115722656, 0.9986816644668579, 0.9995943903923035, 0.9997971653938293, 0.9996957778930664, 1.0, 0.9997971653938293, 0.9996957778930664, 0.9992901086807251, 0.9991887211799622, 0.9993915557861328, 0.9993915557861328, 0.9995943903923035], "loss": [0.25486883521080017, 0.04998346045613289, 0.01954485848546028, 0.010093515738844872, 0.013664686121046543, 0.00919403973966837, 0.02437612973153591, 0.015382137149572372, 0.019342709332704544, 0.01844620145857334, 0.040457554161548615, 0.01054246537387371, 0.00891176052391529, 0.004900574218481779, 0.00503242202103138, 0.003189378883689642, 0.013373668305575848, 0.007982997223734856, 0.004275006242096424, 0.010815346613526344, 0.007089689839631319, 0.017186127603054047, 0.005114618688821793, 0.001451896969228983, 0.002664536703377962, 0.020936375483870506, 0.02174519933760166, 0.0035540417302399874, 0.0019886307418346405, 0.002454432426020503, 0.004177295137196779, 0.008533245883882046, 0.009416605345904827, 0.002535448642447591, 0.004977323114871979, 0.007344134617596865, 0.005774165503680706, 0.007885742001235485, 0.0012761896941810846, 0.0032669194042682648, 0.00446231197565794, 0.004632486030459404, 0.0017719249008223414, 0.00043902278412133455, 0.007023278158158064, 0.02284175530076027, 0.014597480185329914, 0.005064166150987148, 0.00433745002374053, 0.005423534661531448, 0.002106787171214819, 0.0002778538619168103, 3.361503331689164e-05, 0.0012900731526315212, 7.915547030279413e-06, 0.008483104407787323, 0.008056189864873886, 0.0189084243029356, 0.002879626117646694, 0.003870916087180376, 9.742766997078434e-05, 5.052196138422005e-05, 0.004509391728788614, 0.0049348995089530945, 0.0063971830531954765, 0.005792073905467987, 0.0031722253188490868, 0.011800195090472698, 0.008116954937577248, 0.0021219318732619286, 0.001993404235690832, 0.003944897558540106, 0.00036710966378450394, 0.009151040576398373, 0.0037736298982053995, 0.004935076925903559, 0.00856850203126669, 0.0008254806161858141, 0.002393983071669936, 0.002488291123881936, 0.014828111976385117, 0.0031862433534115553, 0.004291947465389967, 0.006537507753819227, 5.3379200835479423e-05, 0.008159033954143524, 0.00623121066018939, 0.0051895687356591225, 0.010795330628752708, 0.0022540194913744926, 0.00036797000211663544, 0.0016124802641570568, 1.2960859976374195e-06, 0.00032739355810917914, 0.0021947415079921484, 0.0042260694317519665, 0.007757502608001232, 0.0036414731293916702, 0.002751643070951104, 0.0015515530249103904], "val_accuracy": [0.9656261205673218, 0.9736934304237366, 0.9733426570892334, 0.9561557173728943, 0.972991943359375, 0.9761487245559692, 0.980006992816925, 0.9684321284294128, 0.9621185660362244, 0.9750964641571045, 0.968782901763916, 0.9579095244407654, 0.9347597360610962, 0.9757979512214661, 0.9708874225616455, 0.9754472374916077, 0.9694843888282776, 0.9726411700248718, 0.9635215997695923, 0.9740442037582397, 0.9743949770927429, 0.972991943359375, 0.9715889096260071, 0.9757979512214661, 0.9698351621627808, 0.9750964641571045, 0.9750964641571045, 0.9789547324180603, 0.9782532453536987, 0.9705366492271423, 0.9761487245559692, 0.9775517582893372, 0.980006992816925, 0.9677306413650513, 0.9803577661514282, 0.9733426570892334, 0.9750964641571045, 0.9775517582893372, 0.9828130602836609, 0.9782532453536987, 0.9789547324180603, 0.9782532453536987, 0.9789547324180603, 0.9775517582893372, 0.9747456908226013, 0.9684321284294128, 0.9519466757774353, 0.9712381362915039, 0.9775517582893372, 0.9775517582893372, 0.9782532453536987, 0.9803577661514282, 0.9775517582893372, 0.9743949770927429, 0.9757979512214661, 0.977200984954834, 0.9733426570892334, 0.9698351621627808, 0.9789547324180603, 0.9747456908226013, 0.9719396829605103, 0.9726411700248718, 0.977200984954834, 0.9719396829605103, 0.9768502116203308, 0.977200984954834, 0.9775517582893372, 0.9568572640419006, 0.9698351621627808, 0.9659768342971802, 0.9733426570892334, 0.9789547324180603, 0.9782532453536987, 0.9789547324180603, 0.9656261205673218, 0.9779024720191956, 0.9768502116203308, 0.9733426570892334, 0.9747456908226013, 0.9677306413650513, 0.9698351621627808, 0.9764994978904724, 0.9470361471176147, 0.9761487245559692, 0.9793055057525635, 0.9733426570892334, 0.9793055057525635, 0.9775517582893372, 0.9789547324180603, 0.9722903966903687, 0.9768502116203308, 0.9779024720191956, 0.9779024720191956, 0.9782532453536987, 0.9828130602836609, 0.9750964641571045, 0.981410026550293, 0.9540511965751648, 0.9796562790870667, 0.9779024720191956],