{"accuracy": [0.8485954999923706, 0.9356049299240112, 0.9594361782073975, 0.9671432971954346, 0.9743433594703674, 0.978095531463623, 0.9839772582054138], "loss": [0.3562168478965759, 0.17466121912002563, 0.11642064154148102, 0.09072069078683853, 0.07115087658166885, 0.060436323285102844, 0.04590163007378578], "val_accuracy": [0.5380568504333496, 0.876183807849884, 0.9736934304237366, 0.9375657439231873, 0.9757979512214661, 0.9782532453536987, 0.9750964641571045], "val_loss": [1.0896587371826172, 0.3117011487483978, 0.07931774854660034, 0.1729770302772522, 0.0832594707608223, 0.07121764123439789, 0.07782084494829178]}