{"accuracy": [0.834922730922699, 0.938507080078125, 0.9644853472709656, 0.9731996059417725, 0.9791187047958374, 0.9893127083778381], "loss": [0.3617205023765564, 0.15883426368236542, 0.09741360694169998, 0.07645054906606674, 0.05540533363819122, 0.036838598549366], "val_accuracy": [0.5581568479537964, 0.5581568479537964, 0.5882571339607239, 0.8907469511032104, 0.9650687575340271, 0.9762170314788818], "val_loss": [1.4588617086410522, 3.22711181640625, 1.9325945377349854, 0.3252553641796112, 0.09078250080347061, 0.07200225442647934]}