{"accuracy": [0.7444478273391724, 0.8889564871788025, 0.9281005859375, 0.9479768872261047, 0.961870014667511, 0.9690700769424438, 0.9742419719696045, 0.978095531463623, 0.9777913093566895, 0.9821519255638123], "loss": [0.5117504596710205, 0.28860074281692505, 0.20635434985160828, 0.15241286158561707, 0.11868975311517715, 0.09803682565689087, 0.08294650167226791, 0.07080921530723572, 0.06660828739404678, 0.05529717728495598], "val_accuracy": [0.8800420761108398, 0.9372150301933289, 0.9421255588531494, 0.9498421549797058, 0.9554542303085327, 0.9705366492271423, 0.977200984954834, 0.9828130602836609, 0.9740442037582397, 0.972991943359375], "val_loss": [0.302374005317688, 0.1864137351512909, 0.16232851147651672, 0.14792050421237946, 0.12794464826583862, 0.08283568173646927, 0.07065053284168243, 0.058954041451215744, 0.07459858059883118, 0.08206243067979813]}